----------------------------------------------------------------------------
--usuniecie wszystkich tabel
DROP TABLE ZAWARTOSC_DOSTAW CASCADE CONSTRAINTS;
DROP TABLE DOSTAWCY CASCADE CONSTRAINTS;
DROP TABLE DOSTAWY CASCADE CONSTRAINTS;
DROP TABLE PRODUKTY CASCADE CONSTRAINTS;                                            
DROP TABLE SPRZEDANE_RZECZY CASCADE CONSTRAINTS;
DROP TABLE SPRZEDAZE CASCADE CONSTRAINTS;
DROP TABLE PRACOWNICY CASCADE CONSTRAINTS;
DROP TABLE STANOWISKA CASCADE CONSTRAINTS;
DROP TABLE GRAFIKI CASCADE CONSTRAINTS;
DROP TABLE GODZINY_DO_GRAFIKU CASCADE CONSTRAINTS;
 
 
 
 
 
 
 
 
 
 
----------------------------------------------------------------------------
--Tworzenie tabeli stanowiska
CREATE TABLE STANOWISKA
(    
        JOB_ID VARCHAR2(10) PRIMARY KEY,
        JOB_TITLE VARCHAR2(30) NOT NULL,
        MIN_SALARY NUMBER(6),
        MAX_SALARY NUMBER(6),
	PRIVILAGE_LEVEL NUMBER(1)
)TABLESPACE "USERS" ;
 
 
   COMMENT ON COLUMN "STANOWISKA"."JOB_ID" IS 'Primary key of STANOWISKA table.';
   COMMENT ON COLUMN "STANOWISKA"."JOB_TITLE" IS 'A not null column that shows job title, e.g. PRACOWNIK , KIEROWNIK';
   COMMENT ON COLUMN "STANOWISKA"."MIN_SALARY" IS 'Minimum salary for a job title.';
   COMMENT ON COLUMN "STANOWISKA"."MAX_SALARY" IS 'Maximum salary for a job title';
   COMMENT ON COLUMN "STANOWISKA"."PRIVILAGE_LEVEL" IS 'Privilage level for ShopApp';
 
 
----------------------------------------------------------------------------
--Tworzenie tabeli pracownicy
 
 
CREATE TABLE PRACOWNICY
(    
        EMPLOYEE_ID NUMBER(3) PRIMARY KEY,
        JOB_ID VARCHAR2(10) REFERENCES STANOWISKA(JOB_ID),
        FIRST_NAME VARCHAR2(20) NOT NULL,
        LAST_NAME VARCHAR2(20) NOT NULL,  
        HIRE_DATE DATE NOT NULL,
        SALARY NUMBER(6) NOT NULL CHECK (SALARY >0),
	PASSWORD VARCHAR2(20) NOT NULL
)TABLESPACE "USERS" ;
 
 
 
 
   COMMENT ON COLUMN "PRACOWNICY"."EMPLOYEE_ID" IS 'Primary key of employees table.';
   COMMENT ON COLUMN "PRACOWNICY"."JOB_ID" IS 'Current job of the employee; foreign key to job_id column of the STANOWISKA table. A not null column.';
   COMMENT ON COLUMN "PRACOWNICY"."FIRST_NAME" IS 'First name of the employee. A not null column.';
   COMMENT ON COLUMN "PRACOWNICY"."LAST_NAME" IS 'Last name of the employee. A not null column.';
   COMMENT ON COLUMN "PRACOWNICY"."HIRE_DATE" IS 'Date when the employee started on this job. A not null column.';
   COMMENT ON COLUMN "PRACOWNICY"."SALARY" IS 'Monthly salary of the employee. Must be greater than zero';
   COMMENT ON COLUMN "PRACOWNICY"."PASSWORD" IS 'Password for ShopApp';
 
 
 
 
----------------------------------------------------------------------
-- Tworzenie tabeli SPRZEDAZE
 
 
CREATE TABLE SPRZEDAZE
(    
        SALE_ID NUMBER(6) PRIMARY KEY,
        EMPLOYEE_ID NUMBER(3) REFERENCES PRACOWNICY(EMPLOYEE_ID),
        SALE_PRICE NUMBER(8,2) NOT NULL,
        SALE_DATE DATE NOT NULL
)TABLESPACE "USERS" ;
 
 
   COMMENT ON COLUMN "SPRZEDAZE"."SALE_ID" IS 'Primary key of SPRZEDA¯E table.';
   COMMENT ON COLUMN "SPRZEDAZE"."EMPLOYEE_ID" IS 'A foreign key referencing the employee_id column of the PRACOWNICY table';
   COMMENT ON COLUMN "SPRZEDAZE"."SALE_PRICE" IS 'Price for sale.';
   COMMENT ON COLUMN "SPRZEDAZE"."SALE_DATE" IS 'the day when it was sold';
 
 
----------------------------------------------------------------------
-- Tworzenie tabeli PRODUKTY
 
 
CREATE TABLE PRODUKTY
(    
        PRODUCT_ID NUMBER(5) PRIMARY KEY,
        PRODUCT_NAME VARCHAR2(10) ,
        BARCODE VARCHAR2(13) NOT NULL,
        PRICE NUMBER(8,2),
        PRICE_CUT NUMBER(3,2) DEFAULT '1' CHECK (PRICE_CUT > 0 AND PRICE_CUT <= 1),
        QUANTITY NUMBER(6) NOT NULL
)TABLESPACE "USERS" ;
   
   COMMENT ON COLUMN "PRODUKTY"."PRODUCT_ID" IS 'Primary key of PRODUKTY table.';
   COMMENT ON COLUMN "PRODUKTY"."PRODUCT_NAME" IS 'A name of product';
   COMMENT ON COLUMN "PRODUKTY"."BARCODE" IS 'Barcode of the product, represented in hexadecimal.';
   COMMENT ON COLUMN "PRODUKTY"."PRICE" IS 'The price of the product';
   COMMENT ON COLUMN "PRODUKTY"."PRICE_CUT" IS 'Multiplier of the product price, eg. a 0.9 multiplier is equal to a 10% price reduction. Is not null';
   COMMENT ON COLUMN "PRODUKTY"."QUANTITY" IS 'The quantity of products in stock. Is not null';
   
 
 
----------------------------------------------------------------------
-- Tworzenie tabeli SPRZEDANE_RZECZY
 
 
CREATE TABLE SPRZEDANE_RZECZY
(    
        SALEITEMS_ID NUMBER(6) PRIMARY KEY,
        SALE_ID NUMBER(6) REFERENCES SPRZEDAZE(SALE_ID),
        PRODUCT_ID NUMBER(6) REFERENCES PRODUKTY(PRODUCT_ID),
        ITEM_QUANTITY NUMBER(5) NOT NULL
)TABLESPACE "USERS" ;
 
 
   COMMENT ON COLUMN "SPRZEDANE_RZECZY"."SALEITEMS_ID" IS 'Primary key of SPRZEDANE_RZECZY table.';
   COMMENT ON COLUMN "SPRZEDANE_RZECZY"."SALE_ID" IS 'Foreign key referecing SALE_ID in the SPRZEDA¯E table';
   COMMENT ON COLUMN "SPRZEDANE_RZECZY"."PRODUCT_ID" IS 'The type of product sold. Foreign key referencing product_id of the PRODUKTY table';
   COMMENT ON COLUMN "SPRZEDANE_RZECZY"."ITEM_QUANTITY" IS 'Number of the product in the transcation ';
 
 
----------------------------------------------------------------------------
--Tworzenie tabeli dostawcy
CREATE TABLE DOSTAWCY
(    
        SUPPLIER_ID NUMBER(3) PRIMARY KEY,
        SUPPLIER_NAME VARCHAR2(20) NOT NULL,
        NUMBER_OF_SHIPMENTS NUMBER(6)
)TABLESPACE "USERS" ;
 
 
   COMMENT ON COLUMN "DOSTAWCY"."SUPPLIER_ID" IS 'Primary key of the DOSTAWCY table.';
   COMMENT ON COLUMN "DOSTAWCY"."SUPPLIER_NAME" IS 'Name of the supplier. A not null column.';
   COMMENT ON COLUMN "DOSTAWCY"."NUMBER_OF_SHIPMENTS" IS 'Number of shipments the supplier supplied.';
 
 
 
 
----------------------------------------------------------------------------
--Tworzenie tabeli dostawy
 
 
CREATE TABLE DOSTAWY
(    
        SHIPMENT_ID NUMBER(3) PRIMARY KEY,
        SHIPMENT_DATE DATE,
        SUPPLIER_ID NUMBER(6) REFERENCES DOSTAWCY(SUPPLIER_ID),
        EMPLOYEE_ID NUMBER(3) REFERENCES PRACOWNICY(EMPLOYEE_ID)
)TABLESPACE "USERS" ;
 
 
   COMMENT ON COLUMN "DOSTAWY"."SHIPMENT_ID" IS 'Primary key of the DOSTAWY table.';
   COMMENT ON COLUMN "DOSTAWY"."SHIPMENT_DATE" IS 'Date of the shipment. A not null columnn.';
   COMMENT ON COLUMN "DOSTAWY"."SUPPLIER_ID" IS 'ID of the supplier supplying the shipment; foreign key to supplier_id column of the DOSTAWCY table. A not null column.';
   COMMENT ON COLUMN "DOSTAWY"."EMPLOYEE_ID" IS 'ID of the employee recieving the shipment; foreign key to employee_id column of the EMPLOYEES table. A not null column.';
 
 
----------------------------------------------------------------------------
--Tworzenie tabeli zawartosc dostaw
 
 
CREATE TABLE ZAWARTOSC_DOSTAW
(    
        SHIPMENTITEMS_ID NUMBER(6) PRIMARY KEY,
        SHIPMENT_ID NUMBER(6) REFERENCES DOSTAWY(SHIPMENT_ID),
        PRODUCT_ID NUMBER(6) REFERENCES PRODUKTY(PRODUCT_ID),
        PRODUCT_QUANTITY NUMBER(6) NOT NULL
)TABLESPACE "USERS" ;
 
 
   COMMENT ON COLUMN "ZAWARTOSC_DOSTAW"."SHIPMENTITEMS_ID" IS 'Primary key of the ZAWARTOSC_DOSTAW table.';
   COMMENT ON COLUMN "ZAWARTOSC_DOSTAW"."SHIPMENT_ID" IS 'ID of the shipment in which the products were shipped; foreign key to shipment_id column of the DOSTAWY table. A not null column.';
   COMMENT ON COLUMN "ZAWARTOSC_DOSTAW"."PRODUCT_ID" IS 'ID of the product contained in the shippment; foreign key to prodcutt_id column of the PRODUKTY table. A not null column.';
   COMMENT ON COLUMN "ZAWARTOSC_DOSTAW"."PRODUCT_QUANTITY" IS 'Quantity of the product contained in the shipment. A not null column.';
 
   
   
   
   
   
   
   
   
CREATE TABLE GRAFIKI
(    
        ROTA_ID NUMBER(6) PRIMARY KEY,
        EMPLOYEE_ID NUMBER(3) REFERENCES PRACOWNICY(EMPLOYEE_ID)
)TABLESPACE "USERS" ;
 
   COMMENT ON COLUMN "GRAFIKI"."ROTA_ID" IS 'Primary key of the GRAFIKI table.';
   COMMENT ON COLUMN "GRAFIKI"."EMPLOYEE_ID" IS 'ID of the employee; foreign key to employee_id column of the EMPLOYEES table. A not null column.';
 
 
CREATE TABLE GODZINY_DO_GRAFIKU
(    
        ROTA_HOURS_ID NUMBER(6) PRIMARY KEY,
        ROTA_ID NUMBER(6) REFERENCES GRAFIKI(ROTA_ID),
        DATE_TIME TIMESTAMP NOT NULL,
        HOURS NUMBER(2) NOT NULL
)TABLESPACE "USERS" ;
 
 
   COMMENT ON COLUMN "GODZINY_DO_GRAFIKU"."ROTA_HOURS_ID" IS 'Primary key of the GODZINNY_DO_GRAFIKU table.';
   COMMENT ON COLUMN "GODZINY_DO_GRAFIKU"."ROTA_ID" IS 'ID of the rota; foreign key to ROTA_ID column of the GRAFIKI table. A not null column.';
   COMMENT ON COLUMN "GODZINY_DO_GRAFIKU"."DATE_TIME" IS 'Date and time that shift starts. A not null column';
   COMMENT ON COLUMN "GODZINY_DO_GRAFIKU"."HOURS" IS 'Number of hours that employee is scheduled to work. A not null column';
 
   
   
   
   
   
   
   
   
 
---------------------------------STANOWISKA
INSERT INTO STANOWISKA (JOB_ID,JOB_TITLE,MIN_SALARY,MAX_SALARY,PRIVILAGE_LEVEL) VALUES ('Pra','Pracownik','1','10000','1');
INSERT INTO STANOWISKA (JOB_ID,JOB_TITLE,MIN_SALARY,MAX_SALARY,PRIVILAGE_LEVEL) VALUES ('Kie','Kierownik','1','10000','3');
INSERT INTO STANOWISKA (JOB_ID,JOB_TITLE,MIN_SALARY,MAX_SALARY,PRIVILAGE_LEVEL) VALUES ('Man','Manager','1','10000','2');
 
 
----------------------------------PRACOWNICY
INSERT INTO PRACOWNICY (EMPLOYEE_ID,JOB_ID,FIRST_NAME,LAST_NAME,HIRE_DATE,SALARY,PASSWORD) VALUES ('1','Pra','Jan','Kowalski','06-JAN-08','2500','12345');
INSERT INTO PRACOWNICY (EMPLOYEE_ID,JOB_ID,FIRST_NAME,LAST_NAME,HIRE_DATE,SALARY,PASSWORD) VALUES ('2','Pra','Jan','Nowak','06-JAN-10','2200','12345');
INSERT INTO PRACOWNICY (EMPLOYEE_ID,JOB_ID,FIRST_NAME,LAST_NAME,HIRE_DATE,SALARY,PASSWORD) VALUES ('3','Pra','Maciej','Wojcik','22-FEB-06','3000','12345');
INSERT INTO PRACOWNICY (EMPLOYEE_ID,JOB_ID,FIRST_NAME,LAST_NAME,HIRE_DATE,SALARY,PASSWORD) VALUES ('4','Kie','Przemyslaw','Nowakowski','1-DEC-01','4500','12345');
INSERT INTO PRACOWNICY (EMPLOYEE_ID,JOB_ID,FIRST_NAME,LAST_NAME,HIRE_DATE,SALARY,PASSWORD) VALUES ('5','Man','Zenon','Wisniewski','06-JAN-08','9500','12345');
 
 
------------ SPRZEDAZE
INSERT INTO SPRZEDAZE (SALE_ID,EMPLOYEE_ID,SALE_PRICE,SALE_DATE) VALUES ('1','1','598.50','20-APR-18');
INSERT INTO SPRZEDAZE (SALE_ID,EMPLOYEE_ID,SALE_PRICE,SALE_DATE) VALUES ('2','2','255.40','20-APR-18');
INSERT INTO SPRZEDAZE (SALE_ID,EMPLOYEE_ID,SALE_PRICE,SALE_DATE) VALUES ('3','3','158','20-APR-18');
INSERT INTO SPRZEDAZE (SALE_ID,EMPLOYEE_ID,SALE_PRICE,SALE_DATE) VALUES ('4','1','560','20-APR-18');
 
 
--------------------- PRODUKTY
INSERT INTO PRODUKTY (PRODUCT_ID,PRODUCT_NAME,BARCODE,PRICE,PRICE_CUT,QUANTITY) VALUES ('1','Maslo','5901111222227','3.5','1','11000');
INSERT INTO PRODUKTY (PRODUCT_ID,PRODUCT_NAME,BARCODE,PRICE,PRICE_CUT,QUANTITY) VALUES ('2','Mleko','5902222222227','2.1','1','1000');
INSERT INTO PRODUKTY (PRODUCT_ID,PRODUCT_NAME,BARCODE,PRICE,PRICE_CUT,QUANTITY) VALUES ('3','Chleb','5903333222227','2.5','1','150');
INSERT INTO PRODUKTY (PRODUCT_ID,PRODUCT_NAME,BARCODE,PRICE,PRICE_CUT,QUANTITY) VALUES ('4','Bulka','5904251222227','0.3','1','900');
INSERT INTO PRODUKTY (PRODUCT_ID,PRODUCT_NAME,BARCODE,PRICE,PRICE_CUT,QUANTITY) VALUES ('5','Woda','5905126333337','1.2','1','1100');
 
 
------------Sprzedane rzeczy
INSERT INTO SPRZEDANE_RZECZY (SALEITEMS_ID,SALE_ID,PRODUCT_ID,ITEM_QUANTITY) VALUES ('1','1','1','105');
INSERT INTO SPRZEDANE_RZECZY (SALEITEMS_ID,SALE_ID,PRODUCT_ID,ITEM_QUANTITY) VALUES ('2','1','2','110');
INSERT INTO SPRZEDANE_RZECZY (SALEITEMS_ID,SALE_ID,PRODUCT_ID,ITEM_QUANTITY) VALUES ('3','2','1','50');
INSERT INTO SPRZEDANE_RZECZY (SALEITEMS_ID,SALE_ID,PRODUCT_ID,ITEM_QUANTITY) VALUES ('4','2','5','67');
INSERT INTO SPRZEDANE_RZECZY (SALEITEMS_ID,SALE_ID,PRODUCT_ID,ITEM_QUANTITY) VALUES ('5','3','4','110');
INSERT INTO SPRZEDANE_RZECZY (SALEITEMS_ID,SALE_ID,PRODUCT_ID,ITEM_QUANTITY) VALUES ('6','3','3','50');
INSERT INTO SPRZEDANE_RZECZY (SALEITEMS_ID,SALE_ID,PRODUCT_ID,ITEM_QUANTITY) VALUES ('7','4','2','100');
INSERT INTO SPRZEDANE_RZECZY (SALEITEMS_ID,SALE_ID,PRODUCT_ID,ITEM_QUANTITY) VALUES ('8','4','1','100');
 
 
-------------------------------DOSTAWCY
INSERT INTO DOSTAWCY (SUPPLIER_ID,SUPPLIER_NAME,NUMBER_OF_SHIPMENTS) VALUES ('1','Targpiast','4');
INSERT INTO DOSTAWCY (SUPPLIER_ID,SUPPLIER_NAME,NUMBER_OF_SHIPMENTS) VALUES ('2','Biovert','2');
INSERT INTO DOSTAWCY (SUPPLIER_ID,SUPPLIER_NAME,NUMBER_OF_SHIPMENTS) VALUES ('3','Dia-Cel','2');
 
 
 
 
---------------------------DOSTAWY
INSERT INTO DOSTAWY (SHIPMENT_ID,SHIPMENT_DATE,SUPPLIER_ID,EMPLOYEE_ID) VALUES ('1','05-JAN-17','2','4');
INSERT INTO DOSTAWY (SHIPMENT_ID,SHIPMENT_DATE,SUPPLIER_ID,EMPLOYEE_ID) VALUES ('6','10-FEB-18','1','3');
INSERT INTO DOSTAWY (SHIPMENT_ID,SHIPMENT_DATE,SUPPLIER_ID,EMPLOYEE_ID) VALUES ('5','07-JAN-18','1','2');
INSERT INTO DOSTAWY (SHIPMENT_ID,SHIPMENT_DATE,SUPPLIER_ID,EMPLOYEE_ID) VALUES ('2','10-FEB-17','1','2');
INSERT INTO DOSTAWY (SHIPMENT_ID,SHIPMENT_DATE,SUPPLIER_ID,EMPLOYEE_ID) VALUES ('7','13-FEB-18','2','3');
INSERT INTO DOSTAWY (SHIPMENT_ID,SHIPMENT_DATE,SUPPLIER_ID,EMPLOYEE_ID) VALUES ('8','19-FEB-18','3','3');
INSERT INTO DOSTAWY (SHIPMENT_ID,SHIPMENT_DATE,SUPPLIER_ID,EMPLOYEE_ID) VALUES ('3','04-DEC-17','3','1');
INSERT INTO DOSTAWY (SHIPMENT_ID,SHIPMENT_DATE,SUPPLIER_ID,EMPLOYEE_ID) VALUES ('4','03-FEB-17','1','3');
 
 
 
 
 
 
--------------------- ZAWARTOSC_DOSTAW -------------
INSERT INTO ZAWARTOSC_DOSTAW (SHIPMENTITEMS_ID,SHIPMENT_ID,PRODUCT_ID,PRODUCT_QUANTITY) VALUES ('1','1','1','100');
INSERT INTO ZAWARTOSC_DOSTAW (SHIPMENTITEMS_ID,SHIPMENT_ID,PRODUCT_ID,PRODUCT_QUANTITY) VALUES ('2','1','2','1000');
INSERT INTO ZAWARTOSC_DOSTAW (SHIPMENTITEMS_ID,SHIPMENT_ID,PRODUCT_ID,PRODUCT_QUANTITY) VALUES ('3','2','1','1000');
INSERT INTO ZAWARTOSC_DOSTAW (SHIPMENTITEMS_ID,SHIPMENT_ID,PRODUCT_ID,PRODUCT_QUANTITY) VALUES ('4','2','3','100');
INSERT INTO ZAWARTOSC_DOSTAW (SHIPMENTITEMS_ID,SHIPMENT_ID,PRODUCT_ID,PRODUCT_QUANTITY) VALUES ('5','3','4','10');
INSERT INTO ZAWARTOSC_DOSTAW (SHIPMENTITEMS_ID,SHIPMENT_ID,PRODUCT_ID,PRODUCT_QUANTITY) VALUES ('6','4','1','10000');
INSERT INTO ZAWARTOSC_DOSTAW (SHIPMENTITEMS_ID,SHIPMENT_ID,PRODUCT_ID,PRODUCT_QUANTITY) VALUES ('7','4','5','100');
INSERT INTO ZAWARTOSC_DOSTAW (SHIPMENTITEMS_ID,SHIPMENT_ID,PRODUCT_ID,PRODUCT_QUANTITY) VALUES ('8','5','4','1000');
INSERT INTO ZAWARTOSC_DOSTAW (SHIPMENTITEMS_ID,SHIPMENT_ID,PRODUCT_ID,PRODUCT_QUANTITY) VALUES ('9','6','5','1000');
INSERT INTO ZAWARTOSC_DOSTAW (SHIPMENTITEMS_ID,SHIPMENT_ID,PRODUCT_ID,PRODUCT_QUANTITY) VALUES ('10','7','2','100');
INSERT INTO ZAWARTOSC_DOSTAW (SHIPMENTITEMS_ID,SHIPMENT_ID,PRODUCT_ID,PRODUCT_QUANTITY) VALUES ('11','7','3','100');
INSERT INTO ZAWARTOSC_DOSTAW (SHIPMENTITEMS_ID,SHIPMENT_ID,PRODUCT_ID,PRODUCT_QUANTITY) VALUES ('12','8','1','105');
INSERT INTO ZAWARTOSC_DOSTAW (SHIPMENTITEMS_ID,SHIPMENT_ID,PRODUCT_ID,PRODUCT_QUANTITY) VALUES ('13','8','2','110');
INSERT INTO ZAWARTOSC_DOSTAW (SHIPMENTITEMS_ID,SHIPMENT_ID,PRODUCT_ID,PRODUCT_QUANTITY) VALUES ('14','1','5','67');
 
----------------------------GRAFIKI
INSERT INTO GRAFIKI (ROTA_ID,EMPLOYEE_ID) VALUES ('1','1');
INSERT INTO GRAFIKI (ROTA_ID,EMPLOYEE_ID) VALUES ('2','2');
INSERT INTO GRAFIKI (ROTA_ID,EMPLOYEE_ID) VALUES ('3','3');
INSERT INTO GRAFIKI (ROTA_ID,EMPLOYEE_ID) VALUES ('4','4');
INSERT INTO GRAFIKI (ROTA_ID,EMPLOYEE_ID) VALUES ('5','5');
 
----------------------------GODZINY_DO_GRAFIKU
INSERT INTO GODZINY_DO_GRAFIKU (ROTA_HOURS_ID,ROTA_ID,DATE_TIME,HOURS) VALUES ('1','1','13-DEC-19 08:00:00.','8');
INSERT INTO GODZINY_DO_GRAFIKU (ROTA_HOURS_ID,ROTA_ID,DATE_TIME,HOURS) VALUES ('2','1','14-DEC-19 08:00:00.','8');
INSERT INTO GODZINY_DO_GRAFIKU (ROTA_HOURS_ID,ROTA_ID,DATE_TIME,HOURS) VALUES ('3','1','15-DEC-19 08:00:00.','8');
INSERT INTO GODZINY_DO_GRAFIKU (ROTA_HOURS_ID,ROTA_ID,DATE_TIME,HOURS) VALUES ('4','1','16-DEC-19 08:00:00.','8');
INSERT INTO GODZINY_DO_GRAFIKU (ROTA_HOURS_ID,ROTA_ID,DATE_TIME,HOURS) VALUES ('5','1','17-DEC-19 08:00:00.','8');
INSERT INTO GODZINY_DO_GRAFIKU (ROTA_HOURS_ID,ROTA_ID,DATE_TIME,HOURS) VALUES ('6','2','13-DEC-19 08:00:00.','8');
INSERT INTO GODZINY_DO_GRAFIKU (ROTA_HOURS_ID,ROTA_ID,DATE_TIME,HOURS) VALUES ('7','2','14-DEC-19 08:00:00.','8');
INSERT INTO GODZINY_DO_GRAFIKU (ROTA_HOURS_ID,ROTA_ID,DATE_TIME,HOURS) VALUES ('8','2','15-DEC-19 08:00:00.','8');
INSERT INTO GODZINY_DO_GRAFIKU (ROTA_HOURS_ID,ROTA_ID,DATE_TIME,HOURS) VALUES ('9','2','16-DEC-19 08:00:00.','8');
INSERT INTO GODZINY_DO_GRAFIKU (ROTA_HOURS_ID,ROTA_ID,DATE_TIME,HOURS) VALUES ('10','2','17-DEC-19 08:00:00.','8');
INSERT INTO GODZINY_DO_GRAFIKU (ROTA_HOURS_ID,ROTA_ID,DATE_TIME,HOURS) VALUES ('11','3','13-DEC-19 16:00:00.','8');
INSERT INTO GODZINY_DO_GRAFIKU (ROTA_HOURS_ID,ROTA_ID,DATE_TIME,HOURS) VALUES ('12','3','14-DEC-19 16:00:00.','8');
INSERT INTO GODZINY_DO_GRAFIKU (ROTA_HOURS_ID,ROTA_ID,DATE_TIME,HOURS) VALUES ('13','3','15-DEC-19 16:00:00.','8');
INSERT INTO GODZINY_DO_GRAFIKU (ROTA_HOURS_ID,ROTA_ID,DATE_TIME,HOURS) VALUES ('14','3','16-DEC-19 16:00:00.','8');
INSERT INTO GODZINY_DO_GRAFIKU (ROTA_HOURS_ID,ROTA_ID,DATE_TIME,HOURS) VALUES ('15','3','17-DEC-19 16:00:00.','8');
INSERT INTO GODZINY_DO_GRAFIKU (ROTA_HOURS_ID,ROTA_ID,DATE_TIME,HOURS) VALUES ('16','4','13-DEC-19 16:00:00.','8');
INSERT INTO GODZINY_DO_GRAFIKU (ROTA_HOURS_ID,ROTA_ID,DATE_TIME,HOURS) VALUES ('17','4','14-DEC-19 16:00:00.','8');
INSERT INTO GODZINY_DO_GRAFIKU (ROTA_HOURS_ID,ROTA_ID,DATE_TIME,HOURS) VALUES ('18','4','15-DEC-19 16:00:00.','8');
INSERT INTO GODZINY_DO_GRAFIKU (ROTA_HOURS_ID,ROTA_ID,DATE_TIME,HOURS) VALUES ('19','4','16-DEC-19 16:00:00.','8');
INSERT INTO GODZINY_DO_GRAFIKU (ROTA_HOURS_ID,ROTA_ID,DATE_TIME,HOURS) VALUES ('20','4','17-DEC-19 16:00:00.','8');
 

/
UPDATE PRACOWNICY SET salary = 3333 WHERE EMPLOYEE_ID = 1;
UPDATE PRACOWNICY SET salary = 1234 WHERE EMPLOYEE_ID = 3;